"Generator Name","PTID","Subzone","Zone","Latitude","Longitude"
"59TH STREET_GT_1",24138,"CON ED NY CITY","N.Y.C.",40.76612,-73.99611
"74TH STREET_GT_1",24260,"CON ED NY CITY","N.Y.C.",40.763619,-73.943008
"74TH STREET_GT_2",24261,"CON ED NY CITY","N.Y.C.",40.763619,-73.943008
"ADK HUDSON___FALLS",24011,"NMPC CAPITAL","CAPITL",43.290067,-73.606067
"ADK RESOURCE___RCVRY",23798,"NMPC CAPITAL","CAPITL",43.306154,-73.591954
"ADK S GLENS___FALLS",24028,"NMPC CAPITAL","CAPITL",43.290067,-73.606067
"ADK_NYS___DAM",23527,"NMPC CAPITAL","CAPITL",42.912214,-73.357291
"AEP_ROLLING_HILL_CT1",186718,"PJM-AC","PJM",,
"AEP_ROLLING_HILL_CT2",186719,"PJM-AC","PJM",,
"AEP_ROLLING_HILL_CT3",186720,"PJM-AC","PJM",,
"AEP_ROLLING_HILL_CT4",186721,"PJM-AC","PJM",,
"AEP_ROLLING_HILL_CT5",186717,"PJM-AC","PJM",,
"AIR_PRODUCTS___DRP",24190,"NMPC CAPITAL","CAPITL",42.661491,-73.739644
"ALBANY___1",23571,"NMPC CAPITAL","CAPITL",42.661491,-73.739644
"ALBANY___2",23572,"NMPC CAPITAL","CAPITL",42.661491,-73.739644
"ALBANY___3",23573,"NMPC CAPITAL","CAPITL",42.661491,-73.739644
"ALBANY___4",23574,"NMPC CAPITAL","CAPITL",42.661491,-73.739644
"ALBANY___LFGE",323615,"NMPC CAPITAL","CAPITL",42.691041,-73.803149
"ALCOA___DSASP",323711,"NYPA NORTH","NORTH",44.954452,-74.893775
"ALCOA_RYNLDS___DRP",24188,"NYPA NORTH","NORTH",44.939156,-74.875032
"ALLEGHENY___COGEN",23514,"RG&E GENESEE","GENESE",42.391981,-78.155403
"ALTONA_WT_PWR",323606,"NYPA NORTH","NORTH",44.831624,-73.636424
"AMERICAN_REF_FUEL",24010,"NMPC WEST","WEST",43.09846,-79.007149
"AMO_HQ_IMPORTLIMIT",185671,"HQEX","H Q",,
"AMO_NPX_IMPORTLIMIT",185672,"NPX-AC","NPX",,
"AMO_OH_IMPORTLIMIT",185720,"OH-AC","O H",,
"AMO_PJM_IMPORTLIMIT",185673,"PJM-AC","PJM",,
"ARKWRIGHT___SUMMIT_WT_PWR",323751,"NMPC WEST","WEST",42.336631,-79.323597
"ARTHUR_KILL_2",23512,"CON ED NY CITY","N.Y.C.",40.589204,-74.197028
"ARTHUR_KILL_3",23513,"CON ED NY CITY","N.Y.C.",40.589204,-74.197028
"ARTHUR_KILL_COGEN",323718,"CON ED NY CITY","N.Y.C.",40.589204,-74.197028
"ARTHUR KILL_GT_1",23520,"CON ED NY CITY","N.Y.C.",40.589204,-74.197028
"ASHOKAN____",23654,"CENT HUD HUDSON VLY","HUD VL",42.031073,-74.106742
"ASTORIA_EAST_ENERGY_CC1",323581,"CON ED NY CITY","N.Y.C.",40.787176,-73.907032
"ASTORIA_EAST_ENERGY_CC2",323582,"CON ED NY CITY","N.Y.C.",40.787176,-73.907032
"ASTORIA_GT_1",23523,"CON ED NY CITY","N.Y.C.",40.787725,-73.909326
"ASTORIA_GT_10",24110,"CON ED NY CITY","N.Y.C.",40.787725,-73.908745
"ASTORIA_GT_11",24225,"CON ED NY CITY","N.Y.C.",40.787725,-73.908745
"ASTORIA_GT_12",24226,"CON ED NY CITY","N.Y.C.",40.787725,-73.908745
"ASTORIA_GT_13",24227,"CON ED NY CITY","N.Y.C.",40.787725,-73.908745
"ASTORIA_GT_5",24106,"CON ED NY CITY","N.Y.C.",40.787725,-73.909326
"ASTORIA_GT_7",24107,"CON ED NY CITY","N.Y.C.",40.787725,-73.909326
"ASTORIA_GT_8",24108,"CON ED NY CITY","N.Y.C.",40.787725,-73.909326
"ASTORIA_GT2_1",24094,"CON ED NY CITY","N.Y.C.",40.787725,-73.909326
"ASTORIA_GT2_2",24095,"CON ED NY CITY","N.Y.C.",40.787725,-73.909326
"ASTORIA_GT2_3",24096,"CON ED NY CITY","N.Y.C.",40.787725,-73.909326
"ASTORIA_GT2_4",24097,"CON ED NY CITY","N.Y.C.",40.787725,-73.909326
"ASTORIA_GT3_1",24098,"CON ED NY CITY","N.Y.C.",40.787725,-73.909326
"ASTORIA_GT3_2",24099,"CON ED NY CITY","N.Y.C.",40.787725,-73.909326
"ASTORIA_GT3_3",24100,"CON ED NY CITY","N.Y.C.",40.787725,-73.909326
"ASTORIA_GT3_4",24101,"CON ED NY CITY","N.Y.C.",40.787725,-73.909326
"ASTORIA_GT4_1",24102,"CON ED NY CITY","N.Y.C.",40.787725,-73.909326
"ASTORIA_GT4_2",24103,"CON ED NY CITY","N.Y.C.",40.787725,-73.909326
"ASTORIA_GT4_3",24104,"CON ED NY CITY","N.Y.C.",40.787725,-73.909326
"ASTORIA_GT4_4",24105,"CON ED NY CITY","N.Y.C.",40.787725,-73.909326
"ASTORIA___2",24149,"CON ED NY CITY","N.Y.C.",40.787174,-73.908745
"ASTORIA___3",23516,"CON ED NY CITY","N.Y.C.",40.787174,-73.908745
"ASTORIA___4",23517,"CON ED NY CITY","N.Y.C.",40.787174,-73.908745
"ASTORIA___5",23518,"CON ED NY CITY","N.Y.C.",40.787174,-73.908745
"AST_ENERGY_2_CC3",323677,"CON ED NY CITY","N.Y.C.",40.78719,-73.9071
"AST_ENERGY_2_CC4",323678,"CON ED NY CITY","N.Y.C.",40.78719,-73.9071
"ATHENS_STG_1",23668,"NMPC CAPITAL","CAPITL",42.271224,-73.850326
"ATHENS_STG_2",23670,"NMPC CAPITAL","CAPITL",42.271224,-73.850326
"ATHENS_STG_3",23677,"NMPC CAPITAL","CAPITL",42.271224,-73.850326
"AUBURN___LFGE",323710,"NYSEG CENTRAL","CENTRL",42.953704,-76.573474
"AZISCOHOS___HYDRO",185710,"NPX-AC","NPX",,
"BABYLON_RES_REC",323704,"LIPA LONG ISLAND","LONGIL",40.73589,-73.387823
"BARRETT_IC_1",23704,"LIPA LONG ISLAND","LONGIL",40.61822,-73.648205
"BARRETT_IC_10",23701,"LIPA LONG ISLAND","LONGIL",40.61822,-73.648205
"BARRETT_IC_11",23702,"LIPA LONG ISLAND","LONGIL",40.61822,-73.648205
"BARRETT_IC_12",23703,"LIPA LONG ISLAND","LONGIL",40.61822,-73.648205
"BARRETT_IC_2",23705,"LIPA LONG ISLAND","LONGIL",40.61822,-73.648205
"BARRETT_IC_3",23706,"LIPA LONG ISLAND","LONGIL",40.61822,-73.648205
"BARRETT_IC_4",23707,"LIPA LONG ISLAND","LONGIL",40.61822,-73.648205
"BARRETT_IC_5",23708,"LIPA LONG ISLAND","LONGIL",40.61822,-73.648205
"BARRETT_IC_6",23709,"LIPA LONG ISLAND","LONGIL",40.61822,-73.648205
"BARRETT_IC_7",23710,"LIPA LONG ISLAND","LONGIL",40.61822,-73.648205
"BARRETT_IC_8",23711,"LIPA LONG ISLAND","LONGIL",40.61822,-73.648205
"BARRETT_IC_9",23700,"LIPA LONG ISLAND","LONGIL",40.61822,-73.648205
"BARRETT___1",23545,"LIPA LONG ISLAND","LONGIL",40.61822,-73.648205
"BARRETT___2",23546,"LIPA LONG ISLAND","LONGIL",40.61822,-73.648205
"BAYONEEC___CTG1",323682,"CON ED NY CITY","N.Y.C.",40.652228,-74.090857
"BAYONEEC___CTG10",323750,"CON ED NY CITY","N.Y.C.",40.652228,-74.090857
"BAYONEEC___CTG2",323683,"CON ED NY CITY","N.Y.C.",40.652228,-74.090857
"BAYONEEC___CTG3",323684,"CON ED NY CITY","N.Y.C.",40.652228,-74.090857
"BAYONEEC___CTG4",323685,"CON ED NY CITY","N.Y.C.",40.652228,-74.090857
"BAYONEEC___CTG5",323686,"CON ED NY CITY","N.Y.C.",40.652228,-74.090857
"BAYONEEC___CTG6",323687,"CON ED NY CITY","N.Y.C.",40.652228,-74.090857
"BAYONEEC___CTG7",323688,"CON ED NY CITY","N.Y.C.",40.652228,-74.090857
"BAYONEEC___CTG8",323689,"CON ED NY CITY","N.Y.C.",40.652228,-74.090857
"BAYONEEC___CTG9",323749,"CON ED NY CITY","N.Y.C.",40.652228,-74.090857
"BAYONNE___COGEN TECH 1",185665,"PJM-AC","PJM",,
"BAYONNE___COGEN TECH 2",185667,"PJM-AC","PJM",,
"BAYONNE___COGEN TECH 3",185669,"PJM-AC","PJM",,
"BAYONNE___COGEN TECH 4",185670,"PJM-AC","PJM",,
"BEACON___LESR",323632,"NYSEG CAPITAL","CAPITL",42.557244,-73.376326
"BEAR_SWAMP_1_LIPA_OCC",185727,"NPX-AC","NPX",,
"BEAR_SWAMP___1",359,"NPX-AC","NPX",,
"BEAR_SWAMP___2",360,"NPX-AC","NPX",,
"BEAVER RIVER___HYD",24048,"NMPC MOHAWK VLY","MHK VL",43.927109,-75.320825
"BECK2-LT___AG1112",185712,"OH-AC","O H",,
"BECK2-LT___AG1314",185713,"OH-AC","O H",,
"BECK2-LT___AG1718",185719,"OH-AC","O H",,
"BEEBEE_GT_13",23619,"RG&E GENESEE","GENESE",43.151142,-77.660615
"BERLIN___1",10424,"NPX-AC","NPX",,
"BETHLEHEM___GRP",23843,"NMPC CAPITAL","CAPITL",42.661491,-73.739644
"BETHLEHEM___GS1",323560,"NMPC CAPITAL","CAPITL",42.661491,-73.739644
"BETHLEHEM___GS2",323561,"NMPC CAPITAL","CAPITL",42.661491,-73.739644
"BETHLEHEM___GS3",323562,"NMPC CAPITAL","CAPITL",42.661491,-73.739644
"BETHLEHEM___STEEL",23779,"NMPC WEST","WEST",42.852295,-78.771766
"BETHPAGE_CC_5",323564,"LIPA LONG ISLAND","LONGIL",40.747146,-73.49753
"BIGTREE_115_KV_TB2_REV_LBMP_A",345034,"NYSEG WEST","WEST",42.745927,-78.821342
"BINGHAMTON___COGEN",23790,"NYSEG CENTRAL","CENTRL",42.132703,-75.931693
"BLACK RIVER___HYD",24047,"NMPC MOHAWK VLY","MHK VL",44.003204,-75.816351
"BLISS_WT_PWR",323608,"NMPC WEST","WEST",42.532246,-78.306344
"BLUE_CIRC_CHEM_DRP",24182,"NMPC CAPITAL","CAPITL",42.575123,-73.861476
"BOC_GAS_DRP",24189,"NMPC CAPITAL","CAPITL",42.609664,-73.903956
"BORALEX_4TH_BRANCH",23824,"NMPC CAPITAL","CAPITL",42.912214,-73.357291
"BOWLINE___1",23526,"O&R HUDSON VLY","HUD VL",41.204688,-73.979414
"BOWLINE___2",23595,"O&R HUDSON VLY","HUD VL",41.204688,-73.979414
"BRANSCOMB___SOLAR",323811,"NMPC CAPITAL","CAPITL",,
"BRASSUA___HYDRO",185709,"NPX-AC","NPX",,
"BRIDGEPORT___ENERGY_1",185695,"NPX-AC","NPX",,
"BROOKHAVEN___DRP",24191,"LIPA LONG ISLAND","LONGIL",40.855569,-72.849338
"BROOKLYN_NAVY_YARD",23515,"CON ED NY CITY","N.Y.C.",40.703833,-73.981228
"BROOKLYN___ARMY_DRP",323595,"CON ED NY CITY","N.Y.C.",40.659384,-73.993715
"BROOME_2_LFGE",323671,"NYSEG CENTRAL","CENTRL",42.132703,-75.931693
"BROOME___LFGE",323600,"NYSEG CENTRAL","CENTRL",42.132703,-75.931693
"BURROWS___LYONSDAL",23803,"NMPC MOHAWK VLY","MHK VL",43.618165,-75.306504
"CAITHNESS_CC_1",323624,"LIPA LONG ISLAND","LONGIL",40.831064,-72.93772
"CALPINE_BETH_PAGE_GT_4",323586,"LIPA LONG ISLAND","LONGIL",40.747099,-73.497568
"CALPINE_BP_GT1",23823,"LIPA LONG ISLAND","LONGIL",40.747099,-73.497568
"CALPINE BETH_PAGE_GT4",24209,"LIPA LONG ISLAND","LONGIL",40.747099,-73.497568
"CALSPAN___DRP",24200,"NMPC WEST","WEST",42.852295,-78.771766
"CANDIGU_WT_PWR",323617,"NYSEG CENTRAL","CENTRL",42.40095,-77.468457
"CAPITAL_GEN_HUB",323647,"NMPC CAPITAL","CAPITL",,
"CARR STREET_E._SYR",24060,"NMPC CENTRAL","CENTRL",43.063603,-76.082595
"CARTHAGE___PAPER",23857,"NMPC MOHAWK VLY","MHK VL",43.984275,-75.622432
"CASSADAGA_WT_PWR",323784,"NMPC WEST","WEST",,
"CATARACT___EAST",185714,"NPX-AC","NPX",,
"CE_NYC_DRP",24195,"CON ED NY CITY","N.Y.C.",40.726898,-73.972955
"CE_NYC2_DRP",24202,"CON ED NY CITY","N.Y.C.",40.756396,-73.937793
"CENTRAL_GEN_HUB",323644,"NMPC CENTRAL","CENTRL",,
"CE_DUNWOOD___DRP",24194,"CON ED DUNWOODIE","DUNWOD",,
"CE_MILLWOOD___DRP",24193,"CON ED MILLWOOD","MILLWD",41.192378,-73.800577
"CH_MISC_IPPS",23765,"CENT HUD HUDSON VLY","HUD VL",41.563587,-73.954582
"CH_RES_NIAGARA",23895,"NMPC WEST","WEST",43.09846,-79.007149
"CH_RES_SYRACUSE",23985,"NMPC CENTRAL","CENTRL",43.063219,-76.225507
"CHAFFEE___LFGE",323603,"NYSEG WEST","WEST",42.625404,-78.712551
"CHATEAUG_WT_PWR",323614,"NYPA NORTH","NORTH",44.890926,-73.985407
"CHAT_HIGH_FALL_HYD",323578,"NYSEG NORTH","NORTH",44.89345,-74.073266
"CHAUTAUQUA___LFGE",323629,"NMPC WEST","WEST",42.473324,-79.290624
"CHESAPEAKE___1",185680,"PJM-AC","PJM",,
"CHESAPEAKE___2",185681,"PJM-AC","PJM",,
"CHESAPEAKE___3",185682,"PJM-AC","PJM",,
"CHESAPEAKE___4",185683,"PJM-AC","PJM",,
"CHESAPEAKE___5",185684,"PJM-AC","PJM",,
"CH_MIDHUDSON___DRP",24192,"CENT HUD HUDSON VLY","HUD VL",41.73952,-73.83483
"CH_RES_BVR_FALLS",23983,"NMPC MOHAWK VLY","MHK VL",43.92211,-75.319707
"CLINTON_WT_PWR",323605,"NYPA NORTH","NORTH",44.890926,-73.985407
"CLINTON___LFGE",323618,"NYSEG NORTH","NORTH",44.703599,-73.59581
"COLONIE_LFGE__",323577,"NMPC CAPITAL","CAPITL",42.787293,-73.636904
"COPENHAGEN_WT_PWR",323753,"NMPC MOHAWK VLY","MHK VL",43.9136626,-75.6987796
"CORNELL____",23752,"NYSEG CENTRAL","CENTRL",42.441493,-76.474425
"COXSACKIE___GT",23611,"CENT HUD HUDSON VLY","HUD VL",42.234265,-73.868034
"CPV_TOWANTIC___ENERGY_CENTER",185721,"NPX-AC","NPX",,
"CPV_VALLEY___CC1",323721,"O&R HUDSON VLY","HUD VL",41.412477,-74.43695
"CPV_VALLEY___CC2",323722,"O&R HUDSON VLY","HUD VL",41.412477,-74.43695
"CRESCENT___HYD",24018,"NMPC CAPITAL","CAPITL",42.787293,-73.636904
"CRICKET___VALLEY_CC1",323756,"CON ED HUDSON VLY","HUD VL",41.6771910,-73.5817677
"CRICKET___VALLEY_CC2",323757,"CON ED HUDSON VLY","HUD VL",41.6771910,-73.5817677
"CRICKET___VALLEY_CC3",323758,"CON ED HUDSON VLY","HUD VL",41.6771910,-73.5817677
"CRUCIBLE_METL_DRP",24180,"NMPC CENTRAL","CENTRL",43.063219,-76.225507
"CSC___481_PGEN",24222,"LIPA LONG ISLAND","LONGIL",,
"DAHOWA___HYDRO",323763,"NMPC CAPITAL","CAPITL",43.10370500,-73.53658000
"DANC___LFGE",323619,"NMPC MOHAWK VLY","MHK VL",44.003204,-75.816351
"DANSKAMMER___1",23586,"CENT HUD HUDSON VLY","HUD VL",41.563587,-73.954582
"DANSKAMMER___2",23589,"CENT HUD HUDSON VLY","HUD VL",41.563587,-73.954582
"DANSKAMMER___3",23590,"CENT HUD HUDSON VLY","HUD VL",41.563587,-73.954582
"DANSKAMMER___4",23591,"CENT HUD HUDSON VLY","HUD VL",41.563587,-73.954582
"DANSKAMMER___DIESEL",23592,"CENT HUD HUDSON VLY","HUD VL",41.563587,-73.954582
"DARTMOUTH___1",2509,"NPX-AC","NPX",,
"DASHVILLE___HYD",23610,"CENT HUD HUDSON VLY","HUD VL",41.822327,-74.049857
"DEEP_CREEK___1",501,"PJM-AC","PJM",,
"DEEP_CREEK___2",502,"PJM-AC","PJM",,
"DELAWARE___LFGE",323621,"NYSEG MOHAWK VLY","MHK VL",42.264436,-74.926474
"DIGHTON_PWR_CEE_OCC",185725,"NPX-AC","NPX",,
"DOGLEVILLE___HYD",23807,"NMPC MOHAWK VLY","MHK VL",43.059,-74.764
"DOREEN____",2502,"NPX-AC","NPX",,
"DUNKIRK___1",23563,"NMPC WEST","WEST",42.490164,-79.346564
"DUNKIRK___2",23564,"NMPC WEST","WEST",42.490164,-79.346564
"DUNKIRK___3",23565,"NMPC WEST","WEST",42.490164,-79.346564
"DUNKIRK___4",23566,"NMPC WEST","WEST",42.490164,-79.346564
"DUNWOD_GEN_HUB",323650,"CON ED DUNWOODIE","DUNWOD",,
"DUNWOODS_138_KV_38W08_REV_LBMP_I",345000,"CON ED DUNWOODIE","DUNWOD",40.940217,-73.85737
"E.WALDEN_115_KV_TR_1_REV_LBMP_G",345009,"CENT HUD HUDSON VLY","HUD VL",41.57184,-74.154668
"E179THST_138_KV_TB4_REV_LBMP_J",345001,"CON ED NY CITY","N.Y.C.",40.849414,-73.893694
"EAST___DELAWARE_HYD",23607,"CENT HUD HUDSON VLY","HUD VL",41.859368,-74.51059
"EAST HAMPTON___GT",23717,"LIPA LONG ISLAND","LONGIL",40.936655,-72.373212
"EAST RIVER___6",23660,"CON ED NY CITY","N.Y.C.",40.727823,-73.974959
"EAST RIVER___7",23524,"CON ED NY CITY","N.Y.C.",40.727823,-73.974959
"EASTVIEW_138_KV_38W32_REV_LBMP_I",345002,"CON ED DUNWOODIE","DUNWOD",41.077018,-73.831967
"EAST_HAMPTON___DIESEL",23722,"LIPA LONG ISLAND","LONGIL",40.962046,-72.208735
"EAST_RIVER___1",323558,"CON ED NY CITY","N.Y.C.",40.726898,-73.972955
"EAST_RIVER___2",323559,"CON ED NY CITY","N.Y.C.",40.727823,-73.974959
"EDGE_MOOR_3",827540,"PJM-AC","PJM",,
"EDGE_MOOR_4",827541,"PJM-AC","PJM",,
"ELEC_TRO_TEK",24086,"LIPA LONG ISLAND","LONGIL",40.730425,-73.610998
"ELLENBURG_WT_PWR",323604,"NYPA NORTH","NORTH",44.890926,-73.985407
"ELLSWORTH___HYDRO",185707,"NPX-AC","NPX",,
"ELM_ST_23_KV_LD_REV_LBMP_A",345012,"NMPC WEST","WEST",42.884099,-78.869047
"EMPIRE_CC_1",323656,"NMPC CAPITAL","CAPITL",42.624571,-73.750085
"EMPIRE_CC_2",323658,"NMPC CAPITAL","CAPITL",42.624571,-73.750085
"ERIE_WT_PWR",323693,"NMPC WEST","WEST",42.820763,-78.838822
"ETNA_115_KV_TB1_REV_LBMP_C",345029,"NYSEG CENTRAL","CENTRL",42.47182,-76.406434
"E_CANADA_CAP_HY",24051,"NMPC CAPITAL","CAPITL",43.024736,-74.741763
"E_CANADA_MHWK_HY",24050,"NMPC MOHAWK VLY","MHK VL",43.059,-74.764
"E_FISHKILL___LBMP",23776,"CON ED MILLWOOD","MILLWD",41.568041,-73.835206
"FALCON___SEABRD_CC1",323796,"NYSEG NORTH","NORTH",44.709583,-73.454129
"FALCON___SEABRD_CC2",323797,"NYSEG NORTH","NORTH",44.709583,-73.454129
"FAR ROCKAWAY___4",23548,"LIPA LONG ISLAND","LONGIL",40.610683,-73.759891
"FARRAGUT___LBMP",323566,"CON ED NY CITY","N.Y.C.",40.705005,-73.984312
"FARRAGUT_138_KV_32071_REV_LBMP_J",345003,"CON ED NY CITY","N.Y.C.",40.705005,-73.984312
"FARRAGUT_138_KV_38B01_REV_LBMP_J",345016,"CON ED NY CITY","N.Y.C.",40.705005,-73.984312
"FARRAGUT_138_KV_38M12_REV_LBMP_J",345017,"CON ED NY CITY","N.Y.C.",40.705005,-73.984312
"FENNER___WINDPWR",24204,"NMPC CENTRAL","CENTRL",42.952779,-75.764802
"FIBERTEK___ENERGY",23856,"NMPC CENTRAL","CENTRL",43.063219,-76.225507
"FIFEBROOK___1",413,"NPX-AC","NPX",,
"FITZPATRICK____",23598,"NMPC CENTRAL","CENTRL",43.521205,-76.397388
"FLUVANNA___1",940,"PJM-AC","PJM",,
"FLUVANNA___2",941,"PJM-AC","PJM",,
"FORGEBRK_115_KV_TR1_2_REV_LBMP_G",345010,"CENT HUD HUDSON VLY","HUD VL",41.529097,-73.916351
"FORT_DRUM_COGEN",23780,"NMPC MOHAWK VLY","MHK VL",44.0387,-75.67831
"FORT ORANGE____",23900,"NMPC CAPITAL","CAPITL",42.539311,-73.745343
"FPL FAR_ROCK_GT1",24212,"LIPA LONG ISLAND","LONGIL",40.610683,-73.759891
"FPL FAR_ROCK_GT2",23815,"LIPA LONG ISLAND","LONGIL",40.610683,-73.759891
"FRANKLIN_FALL_HYD",24054,"NMPC NORTH","NORTH",44.829168,-74.292445
"FREEPORT_EQUS_GT1",23764,"LIPA LONG ISLAND","LONGIL",40.667698,-73.538736
"FREEPORT___CT2",23818,"LIPA LONG ISLAND","LONGIL",40.667698,-73.538736
"FULTON___LFGE",323630,"NMPC CAPITAL","CAPITL",43.04127,-74.380413
"FULTON COGEN____",23766,"NMPC CENTRAL","CENTRL",43.377307,-76.432304
"G.F.CEMENT___DRP",24184,"NMPC CAPITAL","CAPITL",43.290067,-73.606067
"GARDENVILLE___LBMP",24039,"NYSEG WEST","WEST",42.852295,-78.771766
"GENERAL___MILLS",23808,"NMPC WEST","WEST",42.852295,-78.771766
"GENESE_GEN_HUB",323643,"NMPC GENESEE","GENESE",,
"GE_PLASTICS___DRP",24183,"NMPC CAPITAL","CAPITL",42.575514,-73.870168
"GILBOA___1",23756,"NMPC CAPITAL","CAPITL",42.440411,-74.446754
"GILBOA___2",23757,"NMPC CAPITAL","CAPITL",42.440411,-74.446754
"GILBOA___3",23758,"NMPC CAPITAL","CAPITL",42.440411,-74.446754
"GILBOA___4",23759,"NMPC CAPITAL","CAPITL",42.440411,-74.446754
"GILBOA____",23599,"NMPC CAPITAL","CAPITL",42.440411,-74.446754
"GINNA____",23603,"RG&E GENESEE","GENESE",43.270406,-77.310754
"GLEN PARK____",23778,"NMPC MOHAWK VLY","MHK VL",44.000829,-75.961798
"GLENWOOD___4",23550,"LIPA LONG ISLAND","LONGIL",40.828214,-73.646517
"GLENWOOD___5",23614,"LIPA LONG ISLAND","LONGIL",40.828214,-73.646517
"GLENWOOD_IC_1_G5",23712,"LIPA LONG ISLAND","LONGIL",40.831741,-73.647631
"GLENWOOD_IC_2_G1",23688,"LIPA LONG ISLAND","LONGIL",40.831741,-73.647631
"GLENWOOD_IC_3_G1",23689,"LIPA LONG ISLAND","LONGIL",40.831741,-73.647631
"GLOBAL GREEN_PORT_GT1",23814,"LIPA LONG ISLAND","LONGIL",41.048885,-72.469556
"GLOBE___DSASP",323697,"NMPC WEST","WEST",43.139907,-79.027546
"GOETHSLN___LBMP",323567,"CON ED NY CITY","N.Y.C.",40.616982,-74.195989
"GOODYEAR_LAKE_HYD",323669,"NYSEG MOHAWK VLY","MHK VL",42.501842,-74.98318
"GOUDEY___7",23579,"NYSEG CENTRAL","CENTRL",42.111776,-75.976089
"GOUDEY___8",23580,"NYSEG CENTRAL","CENTRL",42.111776,-75.976089
"GOUDEY_115_KV_TB6_REV_LBMP_C",345031,"NYSEG CENTRAL","CENTRL",42.111776,-75.976089
"GOWANUS_GT1_1",24077,"CON ED NY CITY","N.Y.C.",40.6621,-74.0023
"GOWANUS_GT1_2",24078,"CON ED NY CITY","N.Y.C.",40.6621,-74.0023
"GOWANUS_GT1_3",24079,"CON ED NY CITY","N.Y.C.",40.6621,-74.0023
"GOWANUS_GT1_4",24080,"CON ED NY CITY","N.Y.C.",40.6621,-74.0023
"GOWANUS_GT1_5",24084,"CON ED NY CITY","N.Y.C.",40.6621,-74.0023
"GOWANUS_GT1_6",24111,"CON ED NY CITY","N.Y.C.",40.6621,-74.0023
"GOWANUS_GT1_7",24112,"CON ED NY CITY","N.Y.C.",40.6621,-74.0023
"GOWANUS_GT1_8",24113,"CON ED NY CITY","N.Y.C.",40.6621,-74.0023
"GOWANUS_GT2_1",24114,"CON ED NY CITY","N.Y.C.",40.6622,-74.0024
"GOWANUS_GT2_2",24115,"CON ED NY CITY","N.Y.C.",40.6622,-74.0024
"GOWANUS_GT2_3",24116,"CON ED NY CITY","N.Y.C.",40.6622,-74.0024
"GOWANUS_GT2_4",24117,"CON ED NY CITY","N.Y.C.",40.6622,-74.0024
"GOWANUS_GT2_5",24118,"CON ED NY CITY","N.Y.C.",40.6622,-74.0024
"GOWANUS_GT2_6",24119,"CON ED NY CITY","N.Y.C.",40.6622,-74.0024
"GOWANUS_GT2_7",24120,"CON ED NY CITY","N.Y.C.",40.6622,-74.0024
"GOWANUS_GT2_8",24121,"CON ED NY CITY","N.Y.C.",40.6622,-74.0024
"GOWANUS_GT3_1",24122,"CON ED NY CITY","N.Y.C.",40.6621,-74.0023
"GOWANUS_GT3_2",24123,"CON ED NY CITY","N.Y.C.",40.6621,-74.0023
"GOWANUS_GT3_3",24124,"CON ED NY CITY","N.Y.C.",40.6621,-74.0023
"GOWANUS_GT3_4",24125,"CON ED NY CITY","N.Y.C.",40.6621,-74.0023
"GOWANUS_GT3_5",24126,"CON ED NY CITY","N.Y.C.",40.6621,-74.0023
"GOWANUS_GT3_6",24127,"CON ED NY CITY","N.Y.C.",40.6621,-74.0023
"GOWANUS_GT3_7",24128,"CON ED NY CITY","N.Y.C.",40.6621,-74.0023
"GOWANUS_GT3_8",24129,"CON ED NY CITY","N.Y.C.",40.6621,-74.0023
"GOWANUS_GT4_1",24130,"CON ED NY CITY","N.Y.C.",40.6622,-74.0024
"GOWANUS_GT4_2",24131,"CON ED NY CITY","N.Y.C.",40.6622,-74.0024
"GOWANUS_GT4_3",24132,"CON ED NY CITY","N.Y.C.",40.6622,-74.0024
"GOWANUS_GT4_4",24133,"CON ED NY CITY","N.Y.C.",40.6622,-74.0024
"GOWANUS_GT4_5",24134,"CON ED NY CITY","N.Y.C.",40.6622,-74.0024
"GOWANUS_GT4_6",24135,"CON ED NY CITY","N.Y.C.",40.6622,-74.0024
"GOWANUS_GT4_7",24136,"CON ED NY CITY","N.Y.C.",40.6622,-74.0024
"GOWANUS_GT4_8",24137,"CON ED NY CITY","N.Y.C.",40.6622,-74.0024
"GREENIDGE___3",23582,"NYSEG CENTRAL","CENTRL",42.678924,-76.951213
"GREENIDGE___4",23583,"NYSEG CENTRAL","CENTRL",42.678924,-76.951213
"GREENWD_138_KV_38B11_REV_LBMP_J",345004,"CON ED NY CITY","N.Y.C.",40.659384,-73.993715
"GROVEVILLE___HYD",323602,"CENT HUD HUDSON VLY","HUD VL",41.529097,-73.916351
"GULF_ISLAND___COMPOSITE",185704,"NPX-AC","NPX",,
"HAMPSHIRE___PAPER_HYD",323593,"NMPC MOHAWK VLY","MHK VL",44.210954,-75.05862
"HARDSCRABBLE_WT_PWR",323673,"NMPC MOHAWK VLY","MHK VL",43.062558,-74.899372
"HARRIMAN_69_KV_BK771_REV_LBMP_G",345025,"O&R HUDSON VLY","HUD VL",41.316449,-74.144342
"HARRIS___1",185696,"NPX-AC","NPX",,
"HARRIS___2",185697,"NPX-AC","NPX",,
"HARRIS___3",185698,"NPX-AC","NPX",,
"HARRIS___4",185699,"NPX-AC","NPX",,
"HARRISBURG_CT_1",987,"PJM-AC","PJM",,
"HARRISBURG_CT_2",992,"PJM-AC","PJM",,
"HARRISBURG_CT_3",993,"PJM-AC","PJM",,
"HARRISBURG_CT_4",994,"PJM-AC","PJM",,
"HARZA MOOSE___RIVER",24016,"NMPC MOHAWK VLY","MHK VL",43.618165,-75.306504
"HELLGT_W_13_KV_BRUCKNER_REV_LBMP_J",345018,"CON ED NY CITY","N.Y.C.",40.79932,-73.909679
"HEMPSTEAD____",23647,"LIPA LONG ISLAND","LONGIL",40.725252,-73.632026
"HICKLING___1",23621,"NYSEG CENTRAL","CENTRL",42.123734,-76.982933
"HICKLING___2",23622,"NYSEG CENTRAL","CENTRL",42.123734,-76.982933
"HIGH FALLS___HY",23754,"CENT HUD HUDSON VLY","HUD VL",41.828793,-74.131901
"HILLBURN___GT",23639,"O&R HUDSON VLY","HUD VL",41.126873,-74.164874
"HIRAM____",185715,"NPX-AC","NPX",,
"HISHELDN_WT_PWR",323625,"NYSEG CENTRAL","CENTRL",42.767207,-78.419186
"HOLTSVILLE_IC_1",23690,"LIPA LONG ISLAND","LONGIL",40.817198,-73.063987
"HOLTSVILLE_IC_10",23699,"LIPA LONG ISLAND","LONGIL",40.817198,-73.063988
"HOLTSVILLE_IC_2",23691,"LIPA LONG ISLAND","LONGIL",40.817198,-73.063987
"HOLTSVILLE_IC_3",23692,"LIPA LONG ISLAND","LONGIL",40.817198,-73.063987
"HOLTSVILLE_IC_4",23693,"LIPA LONG ISLAND","LONGIL",40.817198,-73.063987
"HOLTSVILLE_IC_5",23694,"LIPA LONG ISLAND","LONGIL",40.817198,-73.063987
"HOLTSVILLE_IC_6",23695,"LIPA LONG ISLAND","LONGIL",40.817198,-73.063988
"HOLTSVILLE_IC_7",23696,"LIPA LONG ISLAND","LONGIL",40.817198,-73.063988
"HOLTSVILLE_IC_8",23697,"LIPA LONG ISLAND","LONGIL",40.817198,-73.063988
"HOLTSVILLE_IC_9",23698,"LIPA LONG ISLAND","LONGIL",40.817198,-73.063988
"HOMER CITY_01_CEE_CRA",185723,"PJM-AC","PJM",,
"HOMER CITY_02_CEE_CRA",185724,"PJM-AC","PJM",,
"HOMER CITY_03_CEE_CRA",185705,"PJM-AC","PJM",,
"HOMER CITY___01",996,"PJM-AC","PJM",,
"HOMER CITY___02",997,"PJM-AC","PJM",,
"HOMER CITY___03",998,"PJM-AC","PJM",,
"HOPE CREEK_1_CEE_CRA",185708,"PJM-AC","PJM",,
"HOPE CREEK___1",215211,"PJM-AC","PJM",,
"HOPE CREEK___1CRA1",185694,"PJM-AC","PJM",,
"HOWARD_WT_PWR",323690,"NYSEG CENTRAL","CENTRL",42.304882,-77.555244
"HQ_GEN_CEDARS",23644,"NMPC NORTH","NORTH",44.955078,-74.861677
"HQ_GEN_CEDARS_PROXY",323590,"HQCD","H Q",,
"HQ_GEN_IMPORT",323601,"HQNY","H Q",,
"HQ_GEN_WHEEL",23651,"HQEX","H Q",,
"HQ____",1000,"HQEX","H Q",,
"HQCD____",1002,"HQCD","H Q",,
"HUD VL_GEN_HUB",323648,"CON ED HUDSON VLY","HUD VL",,
"HUDSON_AVE_10",24168,"CON ED NY CITY","N.Y.C.",40.703833,-73.981228
"HUDSON AVE_GT_3",23810,"CON ED NY CITY","N.Y.C.",40.705005,-73.984312
"HUDSON AVE_GT_4",23540,"CON ED NY CITY","N.Y.C.",40.705005,-73.984312
"HUDSON AVE_GT_5",23657,"CON ED NY CITY","N.Y.C.",40.705005,-73.984312
"HUNTER MOUNT___DRP",323613,"CENT HUD HUDSON VLY","HUD VL",42.234265,-73.868034
"HUNTERSTOWN___1",185690,"PJM-AC","PJM",,
"HUNTERSTOWN___1CRA1",185693,"PJM-AC","PJM",,
"HUNTERSTOWN___2",185691,"PJM-AC","PJM",,
"HUNTINGTON_RES_REC",323705,"LIPA LONG ISLAND","LONGIL",40.881949,-73.291327
"HUNTLEY___63",23557,"NMPC WEST","WEST",42.972532,-78.933756
"HUNTLEY___64",23558,"NMPC WEST","WEST",42.972532,-78.933756
"HUNTLEY___65",23559,"NMPC WEST","WEST",42.972532,-78.933756
"HUNTLEY___66",23560,"NMPC WEST","WEST",42.972532,-78.933756
"HUNTLEY___67",23561,"NMPC WEST","WEST",42.972532,-78.933756
"HUNTLEY___68",23562,"NMPC WEST","WEST",42.972532,-78.933756
"HYLAND___LFGE",323620,"RG&E GENESEE","GENESE",42.286128,-78.012971
"INDECK___CORINTH",23802,"NMPC CAPITAL","CAPITL",43.248624,-73.819531
"INDECK___ILION",23567,"NMPC MOHAWK VLY","MHK VL",43.063328,-75.056977
"INDECK___OLEAN",23982,"NMPC WEST","WEST",42.089498,-78.457328
"INDECK___OSWEGO",23783,"NMPC CENTRAL","CENTRL",43.471623,-76.49314
"INDECK___YERKES",23781,"NMPC WEST","WEST",42.972532,-78.933756
"INDIAN POINT_GT_1",24139,"CON ED MILLWOOD","MILLWD",41.264309,-73.949255
"INDIAN POINT_GT_2",23659,"CON ED MILLWOOD","MILLWD",41.264309,-73.949255
"INDIAN POINT_GT_3",24019,"CON ED MILLWOOD","MILLWD",41.264309,-73.949255
"INDIAN POINT___2",23530,"CON ED MILLWOOD","MILLWD",41.263941,-73.947615
"INDIAN POINT___3",23531,"CON ED MILLWOOD","MILLWD",41.269758,-73.952179
"IP___TICONDEROGA",23804,"NMPC CAPITAL","CAPITL",43.845279,-73.445886
"IP CORINTH___1",23988,"NMPC CAPITAL","CAPITL",43.234846,-73.752935
"ISLIP_RES_REC",323679,"LIPA LONG ISLAND","LONGIL",40.784928,-73.114985
"JARVIS____",23743,"NMPC MOHAWK VLY","MHK VL",43.275177,-75.157241
"JENNISON___1",23625,"NYSEG MOHAWK VLY","MHK VL",42.275591,-75.47837
"JENNISON___2",23626,"NYSEG MOHAWK VLY","MHK VL",42.275591,-75.47837
"JERICHO_RISE_WT_PWR",323719,"NYPA NORTH","NORTH",44.889084,-74.118278
"KCE_NY_1",323755,"NYSEG CAPITAL","CAPITL",42.962658,-73.746439
"KEDC_GLWD_GT4",24219,"LIPA LONG ISLAND","LONGIL",40.831741,-73.647631
"KEDC_GLWD_GT5",24220,"LIPA LONG ISLAND","LONGIL",40.831741,-73.647631
"KEDC PORT_JEFF_GT2",24210,"LIPA LONG ISLAND","LONGIL",40.948399,-73.082874
"KEDC PORT_JEFF_GT3",24211,"LIPA LONG ISLAND","LONGIL",40.948399,-73.082874
"KENSICO____",23655,"CON ED DUNWOODIE","DUNWOD",41.077018,-73.831967
"KERHONKS_69_KV_TR1_REV_LBMP_G",345021,"CENT HUD HUDSON VLY","HUD VL",41.764494,-74.298579
"KIAC_JFK_AIRPORT",23541,"CON ED NY CITY","N.Y.C.",,
"KIAC_JFK_GT1",23816,"CON ED NY CITY","N.Y.C.",40.66071,-73.817446
"KIAC_JFK_GT2",23817,"CON ED NY CITY","N.Y.C.",40.66071,-73.817446
"KINGSTON___COGEN",185718,"OH-AC","O H",,
"KINTIGH____",23543,"NYSEG WEST","WEST",43.352724,-78.609027
"LACHUTE___HYDRO",323717,"NMPC CAPITAL","CAPITL",44.1129,-73.7709
"LAKEWOOD_CT_1",4000,"PJM-AC","PJM",,
"LAKEWOOD_CT_2",4001,"PJM-AC","PJM",,
"LANIER___LANDFILL",186714,"PJM-AC","PJM",,
"LEDERLE____",23769,"O&R HUDSON VLY","HUD VL",41.07017,-74.024535
"LIEVRE RIVER____",1001,"HQEX","H Q",,
"LINDEN___1",215808,"PJM-AC","PJM",,
"LINDEN___2",215809,"PJM-AC","PJM",,
"LINDEN COGEN____",23786,"CON ED NY CITY","N.Y.C.",40.63039,-74.214411
"LIPA_MISC_IPP",23656,"LIPA LONG ISLAND","LONGIL",40.855569,-72.849338
"LISF___SOLAR",323691,"LIPA LONG ISLAND","LONGIL",40.855569,-72.849338
"LITTLE FALLS___HYD",24013,"NMPC MOHAWK VLY","MHK VL",43.059,-74.764
"LI_NEWBRDGE___DRP",323616,"LIPA LONG ISLAND","LONGIL",40.732535,-73.540966
"LOCKPORT___CC1",323769,"NYSEG WEST","WEST",43.16182,-78.738675
"LOCKPORT___CC2",323770,"NYSEG WEST","WEST",43.16182,-78.738675
"LOCKPORT___CC3",323771,"NYSEG WEST","WEST",43.16182,-78.738675
"LONG_LAKE_PHOENIX",24014,"NMPC CENTRAL","CENTRL",43.377307,-76.432304
"LONGIL_GEN_HUB",323652,"LIPA LONG ISLAND","LONGIL",,
"LOVETT___3",23632,"O&R HUDSON VLY","HUD VL",41.256911,-73.980685
"LOVETT___4",23642,"O&R HUDSON VLY","HUD VL",41.256911,-73.980685
"LOVETT___5",23593,"O&R HUDSON VLY","HUD VL",41.256911,-73.980685
"LOWER___HUDSON",24059,"NMPC CAPITAL","CAPITL",42.787293,-73.636904
"LOWER RAQUET___HYD",24057,"NMPC MOHAWK VLY","MHK VL",44.6184,-74.975749
"LWR___OSWEGATCHIE_HYD",23850,"NMPC MOHAWK VLY","MHK VL",44.210954,-75.05862
"LYONS_FALL_HYD",23570,"NMPC MOHAWK VLY","MHK VL",43.618165,-75.306504
"MADISON___COUNTY_LFGE",323628,"NMPC MOHAWK VLY","MHK VL",43.101984,-75.631405
"MAPLE_RIDGE_WT_1",323574,"NMPC MOHAWK VLY","MHK VL",43.765487,-75.349286
"MAPLE_RIDGE_WT_2",323611,"NMPC MOHAWK VLY","MHK VL",43.765487,-75.349286
"MARBLE_RIVER_WT_PWR",323696,"NYPA NORTH","NORTH",44.891996,-73.942841
"MARSH_HILL_WT_PWR",323713,"NYSEG CENTRAL","CENTRL",42.307518,-77.657265
"MARTINSCREEK_3_CEE_CRA",186712,"PJM-AC","PJM",,
"MARTINSCREEK_4_CEE_CRA",186713,"PJM-AC","PJM",,
"MARTINSCREEK___1",988,"PJM-AC","PJM",,
"MARTINSCREEK___2",989,"PJM-AC","PJM",,
"MARTINSCREEK___3",990,"PJM-AC","PJM",,
"MARTINSCREEK___4",995,"PJM-AC","PJM",,
"MERCER___1",215151,"PJM-AC","PJM",,
"MERCER___2",215152,"PJM-AC","PJM",,
"MG INDUSTRY___DRP",24185,"NMPC CAPITAL","CAPITL",42.575123,-73.861476
"MHK VL_GEN_HUB",323646,"NMPC MOHAWK VLY","MHK VL",,
"MID___OSWEGATCHIE_HYD",23849,"NMPC MOHAWK VLY","MHK VL",44.210954,-75.05862
"MID___RAQUETTE_HYD",23851,"NMPC MOHAWK VLY","MHK VL",44.6184,-74.975749
"MILFORD_PWR_CEE_OCC",185726,"NPX-AC","NPX",,
"MILLENNIUM____",185706,"NPX-AC","NPX",,
"MILLIKEN___1",23584,"NYSEG CENTRAL","CENTRL",42.602627,-76.6329
"MILLIKEN___2",23585,"NYSEG CENTRAL","CENTRL",42.602627,-76.6329
"MILLIKEN___DIESEL",23629,"NYSEG CENTRAL","CENTRL",42.602627,-76.6329
"MILLSEAT___LFGE",323607,"NMPC GENESEE","GENESE",43.062886,-78.27835
"MILLWD_GEN_HUB",323649,"CON ED MILLWOOD","MILLWD",,
"MILLWOOD_138_KV_38W41_REV_LBMP_H",345005,"CON ED MILLWOOD","MILLWD",41.192378,-73.800577
"MODEL_CITY_ENERGY",24167,"NMPC WEST","WEST",43.14265,-78.84141
"MODERN_LFGE__",323580,"NMPC WEST","WEST",43.14265,-78.84141
"MOHAWK_PAPER___DRP",24187,"NMPC CAPITAL","CAPITL",42.745576,-73.708692
"MONGAUP___HYD",23641,"O&R HUDSON VLY","HUD VL",41.532771,-74.763737
"MONTAUK___DIESEL",23721,"LIPA LONG ISLAND","LONGIL",40.936655,-72.373212
"MONTY____",185716,"NPX-AC","NPX",,
"MOTTHAVN_138_KV_9M4_REV_LBMP_J",345006,"CON ED NY CITY","N.Y.C.",40.808021,-73.906516
"MUNSVILLE_WIND_PWR",323609,"NYSEG MOHAWK VLY","MHK VL",42.72814,-75.471958
"N SALMON___HYD",24042,"NMPC NORTH","NORTH",44.829168,-74.292445
"N.E._GEN_SANDY PD",24062,"NPX-AC","NPX",,
"N.HEMPST_138_KV_BK345_REV_LBMP_G",345014,"O&R HUDSON VLY","HUD VL",41.151299,-74.028119
"NARROWS_GT1_1",24228,"CON ED NY CITY","N.Y.C.",40.659384,-73.993715
"NARROWS_GT1_2",24229,"CON ED NY CITY","N.Y.C.",40.659384,-73.993715
"NARROWS_GT1_3",24230,"CON ED NY CITY","N.Y.C.",40.659384,-73.993715
"NARROWS_GT1_4",24231,"CON ED NY CITY","N.Y.C.",40.659384,-73.993715
"NARROWS_GT1_5",24232,"CON ED NY CITY","N.Y.C.",40.659384,-73.993715
"NARROWS_GT1_6",24233,"CON ED NY CITY","N.Y.C.",40.659384,-73.993715
"NARROWS_GT1_7",24234,"CON ED NY CITY","N.Y.C.",40.659384,-73.993715
"NARROWS_GT1_8",24235,"CON ED NY CITY","N.Y.C.",40.659384,-73.993715
"NARROWS_GT2_1",24236,"CON ED NY CITY","N.Y.C.",40.659384,-73.993715
"NARROWS_GT2_2",24237,"CON ED NY CITY","N.Y.C.",40.659384,-73.993715
"NARROWS_GT2_3",24238,"CON ED NY CITY","N.Y.C.",40.659384,-73.993715
"NARROWS_GT2_4",24239,"CON ED NY CITY","N.Y.C.",40.659384,-73.993715
"NARROWS_GT2_5",24240,"CON ED NY CITY","N.Y.C.",40.659384,-73.993715
"NARROWS_GT2_6",24241,"CON ED NY CITY","N.Y.C.",40.659384,-73.993715
"NARROWS_GT2_7",24242,"CON ED NY CITY","N.Y.C.",40.659384,-73.993715
"NARROWS_GT2_8",24243,"CON ED NY CITY","N.Y.C.",40.659384,-73.993715
"NCATSKLL_69_KV_NC-LINE_REV_LBMP_G",345022,"CENT HUD HUDSON VLY","HUD VL",42.234265,-73.868034
"NEG_PENN_ALLEGHNY",23528,"NYSEG CENTRAL","CENTRL",42.084511,-75.815781
"NEG___GEN_MONROE",24207,"NMPC GENESEE","GENESE",42.970859,-77.714831
"NEG CAPITAL___MECHNVIL",23645,"NYSEG CAPITAL","CAPITL",42.9241,-73.6831
"NEG CENTRAL_HIGH_ACRES",23767,"NYSEG CENTRAL","CENTRL",43.07294,-77.289917
"NEG CENTRAL___DRP",24199,"NYSEG CENTRAL","CENTRL",42.936142,-76.769691
"NEG CENTRAL___INDECK",23768,"NYSEG CENTRAL","CENTRL",42.701493,-77.996815
"NEG CENTRAL___SENECA",23627,"NYSEG CENTRAL","CENTRL",42.879416,-76.953155
"NEG CENTRAL___STATE_STREET",24147,"NYSEG CENTRAL","CENTRL",42.953704,-76.573474
"NEG MILLWOOD___DRP",24198,"NYSEG MILLWOOD","MILLWD",41.571814,-73.598945
"NEG NORTH_FLCN_SEA",23793,"NYSEG NORTH","NORTH",44.709583,-73.454129
"NEG NORTH_KES_CHATEGAY",23792,"NYSEG NORTH","NORTH",44.89345,-74.073266
"NEG NORTH___ALICE_FALLS",23915,"NYSEG NORTH","NORTH",44.703599,-73.59581
"NEG NORTH___LWR_SARANAC",23913,"NYSEG NORTH","NORTH",44.703599,-73.59581
"NEG NORTH___PLATTSBURG",23628,"NYSEG NORTH","NORTH",44.703599,-73.59581
"NEG WEST_LEA_LOCKPORT",23791,"NYSEG WEST","WEST",43.16182,-78.738675
"NEG WEST___LANCASTR",23811,"NYSEG WEST","WEST",42.832062,-78.58132
"NEPA___ENERGY",23901,"NMPC WEST","WEST",42.196667,-79.76006
"NEVERSINK___HYD",23608,"CENT HUD HUDSON VLY","HUD VL",41.820504,-74.637282
"NEWARK___BAY",93173,"PJM-AC","PJM",,
"NEWINTON____",2508,"NPX-AC","NPX",,
"NEWLAND_PARK_LANDFILL",186715,"PJM-AC","PJM",,
"NEWTON___FALLS_HYD",23847,"NMPC MOHAWK VLY","MHK VL",44.210954,-75.05862
"NIAGARA_115E_LBMP",323715,"NMPC WEST","WEST",43.139907,-79.027546
"NIAGARA_115W_LBMP",323714,"NMPC WEST","WEST",43.139907,-79.027546
"NIAGARA_230_LBMP",323716,"NMPC WEST","WEST",43.139907,-79.027546
"NIAGARA____",23760,"NMPC WEST","WEST",43.139907,-79.027546
"NINE_MILE_1",23575,"NMPC CENTRAL","CENTRL",43.519763,-76.410197
"NINE_MILE_2",23744,"NMPC CENTRAL","CENTRL",43.513564,-76.407047
"NM_CAPITAL___DRP",24208,"NMPC CAPITAL","CAPITL",42.669628,-73.73923
"NM_CENTRAL___DRP",24181,"NMPC CENTRAL","CENTRL",43.088863,-76.12311
"NM_FRONTIER___DRP",24179,"NMPC WEST","WEST",43.139907,-79.027546
"NM_ST_REGIS___HYD",24053,"NMPC NORTH","NORTH",44.627596,-74.815518
"NORTH_GEN_HUB",323645,"NMPC NORTH","NORTH",,
"NORTHPORT___1",23551,"LIPA LONG ISLAND","LONGIL",40.88294,-73.292579
"NORTHPORT___2",23552,"LIPA LONG ISLAND","LONGIL",40.88294,-73.292579
"NORTHPORT___3",23553,"LIPA LONG ISLAND","LONGIL",40.88294,-73.292579
"NORTHPORT___4",23650,"LIPA LONG ISLAND","LONGIL",40.88294,-73.292579
"NORTHPORT___IC",23718,"LIPA LONG ISLAND","LONGIL",40.88294,-73.292579
"NPX_GEN_1385_PROXY",323591,"NENP","NPX",,
"NPX_GEN_CSC",323557,"NPX-CSC","NPX",,
"NSINS_S._GLNS_FALLS",23858,"NMPC CAPITAL","CAPITL",43.258334,-73.66119
"NUCOR_STEEL___DRP",24197,"NYSEG CENTRAL","CENTRL",42.953704,-76.573474
"NYC_GEN_HUB",323651,"CON ED NY CITY","N.Y.C.",,
"NYISO_LBMP_REFERENCE",24008,"NMPC MOHAWK VLY","MHK VL",43.178744,-75.222666
"NYPA___ASTORIA_CC1",323568,"CON ED NY CITY","N.Y.C.",40.787725,-73.908745
"NYPA___ASTORIA_CC2",323569,"CON ED NY CITY","N.Y.C.",40.787725,-73.908745
"NYPA___HOLTSVILL",23794,"LIPA LONG ISLAND","LONGIL",40.816093,-73.068343
"NYPA_____HELLGATE_GT1",24158,"CON ED NY CITY","N.Y.C.",40.79932,-73.909679
"NYPA_____HELLGATE_GT2",24159,"CON ED NY CITY","N.Y.C.",40.79932,-73.909679
"NYPA_BRENTWD_____GT",24164,"LIPA LONG ISLAND","LONGIL",40.787453,-73.294752
"NYPA_GOWANUS_____GT5",24156,"CON ED NY CITY","N.Y.C.",40.66207,-74.002249
"NYPA_GOWANUS_____GT6",24157,"CON ED NY CITY","N.Y.C.",40.66207,-74.002249
"NYPA_HARLEM__RVR__GT1",24160,"CON ED NY CITY","N.Y.C.",40.79932,-73.909679
"NYPA_HARLEM__RVR__GT2",24161,"CON ED NY CITY","N.Y.C.",40.79932,-73.909679
"NYPA_KENT_____GT",24152,"CON ED NY CITY","N.Y.C.",40.714802,-73.967716
"NYPA_POUCH1_____GT",24155,"CON ED NY CITY","N.Y.C.",40.610555,-74.077537
"NYPA_VERNON_____GT2",24162,"CON ED NY CITY","N.Y.C.",40.758433,-73.947041
"NYPA_VERNON_____GT3",24163,"CON ED NY CITY","N.Y.C.",40.758433,-73.947041
"NYS_BARGE___HYD",23848,"NMPC WEST","WEST",43.147357,-78.719628
"OAK ORCHARD___HYD",24046,"NMPC GENESEE","GENESE",43.098892,-77.647743
"OCC_CHEM___DRP",24175,"NMPC WEST","WEST",43.09846,-79.007149
"OH_GEN_PROXY",24063,"OH-AC","O H",,
"OLIN_CORP_DRP",24177,"NMPC WEST","WEST",43.09846,-79.007149
"OLIN_CORP_DSASP",323712,"NMPC WEST","WEST",43.09846,-79.007148
"ONEIDA_HERK_LFGE",323681,"NMPC MOHAWK VLY","MHK VL",43.417623,-75.40457
"ONONDAGA_REF_OCCRA",23987,"NMPC CENTRAL","CENTRL",43.004868,-76.114445
"ONONDAGA___COGEN",23986,"NMPC CENTRAL","CENTRL",43.063219,-76.225507
"ONTARIO___LFGE",23819,"NYSEG CENTRAL","CENTRL",42.879416,-76.953155
"ORANGEVILLE_WT_PWR",323706,"NYSEG CENTRAL","CENTRL",42.73312,-78.130143
"ORANGEVILLE___ESR",323794,"NYSEG CENTRAL","CENTRL",,
"OSWEGATCHIE___HYD",24044,"NMPC MOHAWK VLY","MHK VL",44.210954,-75.05862
"OSWEGO___5",23606,"NMPC CENTRAL","CENTRL",43.454863,-76.531583
"OSWEGO___6",23613,"NMPC CENTRAL","CENTRL",43.454863,-76.531583
"OUTOKUMPU-AB___DRP",24206,"NMPC WEST","WEST",42.972532,-78.933756
"OXBOW____",24026,"NMPC WEST","WEST",43.0486,-78.854273
"OXY_CHEM_DSASP",323612,"NMPC WEST","WEST",43.09846,-79.007149
"PACKARD_115_KV_ADAMS_187_REV_LBMP_A",345013,"NMPC WEST","WEST",43.09846,-79.007149
"PARENT_SP_ARTKLGRP",923512,"CON ED NY CITY","N.Y.C.",,
"PARENT_SP_AST500",923568,"CON ED NY CITY","N.Y.C.",,
"PARENT_SP_ASTGTGP2",924094,"CON ED NY CITY","N.Y.C.",,
"PARENT_SP_ASTGTGRP",924106,"CON ED NY CITY","N.Y.C.",,
"PARENT_SP_ASTORGRP",924149,"CON ED NY CITY","N.Y.C.",,
"PARENT_SP_CAYUGGRP",923584,"NYSEG CENTRAL","CENTRL",,
"PARENT_SP_CRICKETVALLEYGRP",923756,"NYSEG HUDSON VLY","HUD VL",,
"PARENT_SP_DANSKGRP",923586,"CENT HUD HUDSON VLY","HUD VL",,
"PARENT_SP_GOUDEY",923579,"NYSEG CENTRAL","CENTRL",,
"PARENT_SP_GOWANGRP",924077,"CON ED NY CITY","N.Y.C.",,
"PARENT_SP_GOWANUS",924157,"CON ED NY CITY","N.Y.C.",,
"PARENT_SP_GREENGRP",923582,"NYSEG CENTRAL","CENTRL",,
"PARENT_SP_GWANSGRP",924156,"CON ED NY CITY","N.Y.C.",,
"PARENT_SP_HARLMGRP",924160,"CON ED NY CITY","N.Y.C.",,
"PARENT_SP_HELGTGRP",924158,"CON ED NY CITY","N.Y.C.",,
"PARENT_SP_LOCKPORT_CC_GRP",923769,"NYSEG WEST","WEST",,
"PARENT_SP_NARROGRP",924228,"CON ED NY CITY","N.Y.C.",,
"PARENT_SP_RAVENSWD",923533,"CON ED NY CITY","N.Y.C.",,
"PARENT_SP_ROSETON",923587,"CENT HUD HUDSON VLY","HUD VL",,
"PARENT_SP_SITHE_IND_GRP",923683,"NMPC CENTRAL","CENTRL",,
"PARENT_SP_VRNONGRP",924162,"CON ED NY CITY","N.Y.C.",,
"PARKCHTR_13_KV_CPCTY_REV_LBMP_J",345019,"CON ED NY CITY","N.Y.C.",40.842377,-73.864507
"PARKCHTR_138_KV_TB2S_REV_LBMP_J",345007,"CON ED NY CITY","N.Y.C.",40.842377,-73.864507
"PARLIN____",185711,"PJM-AC","PJM",,
"PAVMNTRD_115_KV_BK1_REV_LBMP_A",345030,"NYSEG WEST","WEST",42.918914,-78.620593
"PAWLING_115_KV_BK3_REV_LBMP_H",345028,"NYSEG MILLWOOD","MILLWD",41.571814,-73.598945
"PEDRICKTOWN____",185679,"PJM-AC","PJM",,
"PEEKSKILL____",23653,"CON ED MILLWOOD","MILLWD",41.264309,-73.949255
"PENOBSCOT___1",424,"NPX-AC","NPX",,
"PGE MADISON___WINDPWR",24146,"NYSEG MOHAWK VLY","MHK VL",42.72814,-75.471958
"PHILLIPS___CT1",185675,"PJM-AC","PJM",,
"PHILLIPS___CT2",185676,"PJM-AC","PJM",,
"PHILLIPS___CT3",185677,"PJM-AC","PJM",,
"PHILLIPS___CT4",185678,"PJM-AC","PJM",,
"PIERCEFIELD___HYD",23852,"NMPC MOHAWK VLY","MHK VL",44.6184,-74.975749
"PINELAWN_CC_1",323563,"LIPA LONG ISLAND","LONGIL",40.73589,-73.387823
"PINEY___1",505,"PJM-AC","PJM",,
"PINEY___2",506,"PJM-AC","PJM",,
"PINEY___3",507,"PJM-AC","PJM",,
"PINEY___GRP",185674,"PJM-AC","PJM",,
"PINE_GROVE___LANDFILL",186716,"PJM-AC","PJM",,
"PJM_GEN_HTP_PROXY",323702,"PJM-HTP","PJM",,
"PJM_GEN_KEYSTONE",24065,"PJM-AC","PJM",,
"PJM_GEN_NEPTUNE_PROXY",323594,"PJDF","PJM",,
"PJM_GEN_VFT_PROXY",323633,"PJM-VFT","PJM",,
"PJM___ICAPUNIT",99999,"PJM-AC","PJM",,
"PLEASANTVLY___LBMP",24000,"CON ED HUDSON VLY","HUD VL",41.739519,-73.834827
"PLSNTVLE_13_KV_13KVDISA_REV_LBMP_I",345020,"CON ED DUNWOODIE","DUNWOD",41.142036,-73.782007
"PLSTVYCH_69_KV_RQ-3_RG2_REV_LBMP_G",345023,"CENT HUD HUDSON VLY","HUD VL",41.73952,-73.83483
"POLETTI____",23519,"CON ED NY CITY","N.Y.C.",40.781963,-73.906096
"PONDTOOK___1",539,"NPX-AC","NPX",,
"PORT_JEFF_3",23555,"LIPA LONG ISLAND","LONGIL",40.948399,-73.082874
"PORT_JEFF_4",23616,"LIPA LONG ISLAND","LONGIL",40.948399,-73.082874
"PORT_JEFF_IC",23713,"LIPA LONG ISLAND","LONGIL",40.948399,-73.082874
"PPL_SHRM_GT3",24213,"LIPA LONG ISLAND","LONGIL",40.958228,-72.866146
"PPL_SHRM_GT4",24214,"LIPA LONG ISLAND","LONGIL",40.958228,-72.866146
"PPL PILGRIM_ST_GT1",24216,"LIPA LONG ISLAND","LONGIL",40.787453,-73.294752
"PPL PILGRIM_ST_GT2",24217,"LIPA LONG ISLAND","LONGIL",40.787453,-73.294752
"PROJECT___ORANGE",23990,"NMPC CENTRAL","CENTRL",,
"PROJECT___ORANGE 1",24174,"NMPC CENTRAL","CENTRL",43.039775,-76.152401
"PROJECT___ORANGE 2",24166,"NMPC CENTRAL","CENTRL",43.039775,-76.152401
"PYRITES___HYD",24023,"NMPC MOHAWK VLY","MHK VL",44.51949,-75.186594
"RAMAPO___LBMP",323565,"CON ED HUDSON VLY","HUD VL",41.149986,-74.155854
"RANKINE____",23646,"NMPC WEST","WEST",42.852295,-78.771766
"RAVENSWOOD_GT_1",23729,"CON ED NY CITY","N.Y.C.",40.758433,-73.947041
"RAVENSWOOD_GT_10",24258,"CON ED NY CITY","N.Y.C.",40.763619,-73.943008
"RAVENSWOOD_GT_11",24259,"CON ED NY CITY","N.Y.C.",40.763619,-73.943008
"RAVENSWOOD_GT_4",24252,"CON ED NY CITY","N.Y.C.",40.763619,-73.943008
"RAVENSWOOD_GT_5",24254,"CON ED NY CITY","N.Y.C.",40.763619,-73.943008
"RAVENSWOOD_GT_6",24253,"CON ED NY CITY","N.Y.C.",40.763619,-73.943008
"RAVENSWOOD_GT_7",24255,"CON ED NY CITY","N.Y.C.",40.763619,-73.943008
"RAVENSWOOD_GT_8  TEMP GRP(8-11)",24256,"CON ED NY CITY","N.Y.C.",40.763619,-73.943008
"RAVENSWOOD_GT_9",24257,"CON ED NY CITY","N.Y.C.",40.763619,-73.943008
"RAVENSWOOD_GT2_1",24244,"CON ED NY CITY","N.Y.C.",40.763619,-73.943008
"RAVENSWOOD_GT2_2",24245,"CON ED NY CITY","N.Y.C.",40.763619,-73.943008
"RAVENSWOOD_GT2_3",24246,"CON ED NY CITY","N.Y.C.",40.763619,-73.943008
"RAVENSWOOD_GT2_4",24247,"CON ED NY CITY","N.Y.C.",40.763619,-73.943008
"RAVENSWOOD_GT3_1",24248,"CON ED NY CITY","N.Y.C.",40.763619,-73.943008
"RAVENSWOOD_GT3_2",24249,"CON ED NY CITY","N.Y.C.",40.763619,-73.943008
"RAVENSWOOD_GT3_3",24250,"CON ED NY CITY","N.Y.C.",40.763619,-73.943008
"RAVENSWOOD_GT3_4",24251,"CON ED NY CITY","N.Y.C.",40.763619,-73.943008
"RAVENSWOOD___1",23533,"CON ED NY CITY","N.Y.C.",40.758433,-73.947041
"RAVENSWOOD___2",23534,"CON ED NY CITY","N.Y.C.",40.758433,-73.947041
"RAVENSWOOD___3",23535,"CON ED NY CITY","N.Y.C.",40.763619,-73.943008
"RAVENSWOOD___4",23820,"CON ED NY CITY","N.Y.C.",40.758433,-73.947041
"RCPI_TRUST___DRP",24196,"CON ED NY CITY","N.Y.C.",40.76612,-73.99611
"RED___ROCHESTER",323720,"RG&E GENESEE","GENESE",,
"RENSSELAER___COGEN",23796,"NMPC CAPITAL","CAPITL",42.605978,-73.714692
"REVERE_CPPR_DRP",24186,"NMPC MOHAWK VLY","MHK VL",43.217735,-75.412619
"RIVERBAY____",323610,"CON ED NY CITY","N.Y.C.",40.842377,-73.864507
"ROARING___BROOK_WT_PWR",323790,"NMPC MOHAWK VLY","MHK VL",,
"ROCHESTER_9_IC",23652,"RG&E GENESEE","GENESE",43.151142,-77.660615
"ROCK SPRINGS_CT_3",2506,"PJM-AC","PJM",,
"ROCK SPRINGS_CT_4",2507,"PJM-AC","PJM",,
"ROSETON___1",23587,"CENT HUD HUDSON VLY","HUD VL",41.574939,-73.97868
"ROSETON___2",23588,"CENT HUD HUDSON VLY","HUD VL",41.574939,-73.97868
"RUMFORD_FALL___1",2510,"NPX-AC","NPX",,
"RUSSELL___1",23602,"RG&E GENESEE","GENESE",43.198189,-77.664933
"RUSSELL___2",23532,"RG&E GENESEE","GENESE",43.198189,-77.664933
"RUSSELL___3",23549,"RG&E GENESEE","GENESE",43.198189,-77.664933
"RUSSELL___4",23556,"RG&E GENESEE","GENESE",43.198189,-77.664933
"RUSSELL___STATION",23914,"RG&E GENESEE","GENESE",43.198189,-77.664933
"S SALMON___HYD",24043,"NMPC CENTRAL","CENTRL",43.52338,-75.971556
"SAWYER_23_KV_LOAD_REV_LBMP_A",345024,"NMPC WEST","WEST",42.97833,-78.918283
"SELKIRK___I",23801,"NMPC CAPITAL","CAPITL",42.575123,-73.861476
"SELKIRK___II",23799,"NMPC CAPITAL","CAPITL",42.575514,-73.870168
"SENECA___ENERGY",23797,"NYSEG CENTRAL","CENTRL",42.936142,-76.769691
"SENECA OSWGO___HYD",24041,"NMPC CENTRAL","CENTRL",43.377307,-76.432304
"SEWARD___1",185692,"PJM-AC","PJM",,
"SEWAREN_7_PSEG_OCC",185728,"PJM-AC","PJM",,
"SHOEMAKER___GT",23640,"O&R HUDSON VLY","HUD VL",41.428457,-74.41758
"SHOREHAM_IC_1",23715,"LIPA LONG ISLAND","LONGIL",40.958228,-72.866146
"SHOREHAM_IC_2",23716,"LIPA LONG ISLAND","LONGIL",40.958228,-72.866146
"SISSONVILLE____",23735,"NMPC MOHAWK VLY","MHK VL",44.6184,-74.975749
"SITHE_IND_GS1",24169,"NMPC CENTRAL","CENTRL",43.49913,-76.447077
"SITHE_IND_GS2",24170,"NMPC CENTRAL","CENTRL",43.49913,-76.447077
"SITHE_IND_GS3",24171,"NMPC CENTRAL","CENTRL",43.49913,-76.447077
"SITHE_IND_GS4",24172,"NMPC CENTRAL","CENTRL",43.49913,-76.447077
"SITHE___BATAVIA",24024,"NMPC GENESEE","GENESE",42.982493,-78.159298
"SITHE___INDEPEND",23800,"NMPC CENTRAL","CENTRL",43.49913,-76.447077
"SITHE___MASSENA",23902,"NMPC NORTH","NORTH",44.939156,-74.875032
"SITHE___OGDNSBRG",24021,"NMPC MOHAWK VLY","MHK VL",44.714009,-75.440245
"SITHE___STERLING",23777,"NMPC MOHAWK VLY","MHK VL",43.101984,-75.631405
"SKELTON____",185700,"NPX-AC","NPX",,
"SOUTH CAIRO___GT",23612,"CENT HUD HUDSON VLY","HUD VL",42.234265,-73.868034
"SOUTH HAMPTN___IC",23720,"LIPA LONG ISLAND","LONGIL",40.892684,-72.397712
"SOUTHOLD___IC",23719,"LIPA LONG ISLAND","LONGIL",41.048885,-72.469556
"ST LAWRENCE____",23600,"NYPA NORTH","NORTH",45.004536,-74.80478
"STATION 5_MISC_HYD",23604,"RG&E GENESEE","GENESE",43.151142,-77.660615
"STA_168_34_KV_BK1_2_REV_LBMP_B",345032,"RG&E GENESEE","GENESE",42.966238,-77.247249
"STA_56_34_KV_BUS2_REV_LBMP_B",345033,"RG&E GENESEE","GENESE",43.088299,-77.537183
"STEEL___WIND",323596,"NMPC WEST","WEST",42.820763,-78.838822
"STEUBEN_REC_LFGE",323667,"NYSEG CENTRAL","CENTRL",42.315919,-77.271425
"STONY___BROOK",24151,"LIPA LONG ISLAND","LONGIL",40.917685,-73.129131
"STURGEON_POOL_HYD",23609,"CENT HUD HUDSON VLY","HUD VL",41.847838,-74.046841
"SUGRLOAF_69_KV_LOAD_REV_LBMP_G",345026,"O&R HUDSON VLY","HUD VL",41.310648,-74.26004
"SYNERGY___BIOGAS",323694,"NMPC GENESEE","GENESE",42.982493,-78.159298
"SYRACUSE___ENERGY_ST1",323597,"NMPC CENTRAL","CENTRL",43.063219,-76.225507
"SYRACUSE___ENERGY_ST2",323598,"NMPC CENTRAL","CENTRL",43.063219,-76.225507
"SYRACUSE___POWER",24017,"NMPC CENTRAL","CENTRL",42.974155,-76.121084
"TASLEY_10__",827539,"PJM-AC","PJM",,
"THOROLD___COGEN",185722,"OH-AC","O H",,
"TOSCO___1",185685,"PJM-AC","PJM",,
"TRIGEN___CC",323695,"LIPA LONG ISLAND","LONGIL",40.730425,-73.610998
"UNION___PROCESSING_DRP",323587,"RG&E GENESEE","GENESE",43.098892,-77.647743
"UPPER HUDSON___HYD",24058,"NMPC CAPITAL","CAPITL",43.234846,-73.752935
"UPPER RAQUET___HYD",24056,"NMPC MOHAWK VLY","MHK VL",44.6184,-74.975749
"VINEGAR_115_KV_917_CH_LD_REV_LBMP_E",345011,"CENT HUD MOHAWK VLY","MHK VL",42.403383,-74.628517
"VISCHER___FERRY HYD",24020,"NMPC CAPITAL","CAPITL",42.787293,-73.636904
"V_CMM_10_SYNC_DSASP",323787,"NYPA NORTH","NORTH",,
"V_CMP_10_SYNC_DSASP",323788,"NYPA NORTH","NORTH",,
"V_F_30_SYNC_DSASP",323786,"NMPC CAPITAL","CAPITL",,
"V_XM_10_SYNC_DSASP",323789,"NYPA NORTH","NORTH",,
"W.NYACK_69_KV_BK 521_REV_LBMP_G",345027,"O&R HUDSON VLY","HUD VL",41.093159,-73.963484
"W49TH_ST_138_KV_38M43_REV_LBMP_J",345008,"CON ED NY CITY","N.Y.C.",40.76612,-73.99611
"WADING RIVER_IC_1",23522,"LIPA LONG ISLAND","LONGIL",40.956178,-72.877412
"WADING RIVER_IC_2",23547,"LIPA LONG ISLAND","LONGIL",40.956178,-72.877412
"WADING RIVER_IC_3",23601,"LIPA LONG ISLAND","LONGIL",40.956178,-72.877412
"WALDEN___HYDRO",24148,"NYSEG HUDSON VLY","HUD VL",41.559047,-74.194769
"WALLINGFORD___1",2000,"NPX-AC","NPX",,
"WALLINGFORD___2",2001,"NPX-AC","NPX",,
"WALLINGFORD___3",2002,"NPX-AC","NPX",,
"WALLINGFORD___4",2003,"NPX-AC","NPX",,
"WALLINGFORD___5",2004,"NPX-AC","NPX",,
"WARRENSBURG____",23737,"NMPC CAPITAL","CAPITL",43.234846,-73.752935
"WATERSIDE___6 8 9",23538,"CON ED NY CITY","N.Y.C.",40.758433,-73.947041
"WDELAWARE___HYD",323627,"CENT HUD HUDSON VLY","HUD VL",41.843475,-74.542943
"WEST_GEN_HUB",323642,"NMPC WEST","WEST",,
"WEST BABYLON___IC",23714,"LIPA LONG ISLAND","LONGIL",40.694855,-73.35179
"WEST CANADA___HYD",24049,"NMPC MOHAWK VLY","MHK VL",43.275177,-75.157241
"WESTERN_NY_WIND",24143,"NMPC GENESEE","GENESE",42.996199,-78.193888
"WESTOVER___LESR",323668,"NYSEG CENTRAL","CENTRL",42.111776,-75.976089
"WETHRSFD_WT_PWR",323626,"NYSEG CENTRAL","CENTRL",42.726633,-78.191596
"WHAVSTOR_138_KV_BK127_REV_LBMP_G",345015,"O&R HUDSON VLY","HUD VL",41.203,-73.9932
"WILLIAMS____",185717,"NPX-AC","NPX",,
"WOODLAND____",2503,"NPX-AC","NPX",,
"WSPRINGFIELD___01",2504,"NPX-AC","NPX",,
"WSPRINGFIELD___02",2505,"NPX-AC","NPX",,
"WSPRINGFIELD___03",2500,"NPX-AC","NPX",,
"WSPRINGFIELD___10",2501,"NPX-AC","NPX",,
"WYMAN HYDRO___1",185701,"NPX-AC","NPX",,
"WYMAN HYDRO___2",185702,"NPX-AC","NPX",,
"WYMAN HYDRO___3",185703,"NPX-AC","NPX",,
"YORK___WARBASSE",23770,"CON ED NY CITY","N.Y.C.",40.659384,-73.993715
